county,town
Fairfield County,Greenwich
Fairfield County,Stamford
Fairfield County,Darien
Fairfield County,New Canaan
Fairfield County,Norwalk
Fairfield County,Wilton
Fairfield County,Westport
Fairfield County,Weston
Fairfield County,Fairfield
Fairfield County,Bridgeport
Fairfield County,Stratford
Fairfield County,Trumbull
Fairfield County,Monroe
Fairfield County,Easton
Fairfield County,Shelton
Fairfield County,Bethel
Fairfield County,Brookfield
Fairfield County,Danbury
Fairfield County,Ridgefield
Fairfield County,New Fairfield
Fairfield County,Newtown
Fairfield County,Redding
Fairfield County,Sherman
Hartford County,Hartland
Hartford County,Berlin
Hartford County,Bristol
Hartford County,Burlington
Hartford County,New Britain
Hartford County,Plainville
Hartford County,Southington
Hartford County,Farmington
Hartford County,Avon
Hartford County,Canton
Hartford County,Simsbury
Hartford County,Granby
Hartford County,East Granby
Hartford County,Bloomfield
Hartford County,Windsor
Hartford County,Windsor Locks
Hartford County,Suffield
Hartford County,Enfield
Hartford County,East Windsor
Hartford County,South Windsor
Hartford County,Rocky Hill
Hartford County,Wethersfield
Hartford County,Newington
Hartford County,West Hartford
Hartford County,Hartford
Hartford County,East Hartford
Hartford County,Manchester
Hartford County,Glastonbury
Hartford County,Marlborough
Litchfield County,Bridgewater
Litchfield County,New Milford
Litchfield County,North Canaan
Litchfield County,Salisbury
Litchfield County,Sharon
Litchfield County,Cornwall
Litchfield County,Warren
Litchfield County,Kent
Litchfield County,Washington
Litchfield County,Roxbury
Litchfield County,Barkhamsted
Litchfield County,Colebrook
Litchfield County,Goshen
Litchfield County,Harwinton
Litchfield County,Litchfield
Litchfield County,Morris
Litchfield County,New Hartford
Litchfield County,Torrington
Litchfield County,Winchester
Litchfield County,Bethlehem
Litchfield County,Thomaston
Litchfield County,Watertown
Litchfield County,Woodbury
Litchfield County,Plymouth
Litchfield County,Canaan
Litchfield County,Norfolk
Middlesex County,Middletown
Middlesex County,East Hampton
Middlesex County,Portland
Middlesex County,Cromwell
Middlesex County,Middlefield
Middlesex County,Durham
Middlesex County,Haddam
Middlesex County,East Haddam
Middlesex County,Chester
Middlesex County,Clinton
Middlesex County,Deep River
Middlesex County,Essex
Middlesex County,Killingworth
Middlesex County,Old Saybrook
Middlesex County,Westbrook
New Haven County,Derby
New Haven County,Ansonia
New Haven County,Seymour
New Haven County,New Haven
New Haven County,Milford
New Haven County,West Haven
New Haven County,Orange
New Haven County,Woodbridge
New Haven County,Bethany
New Haven County,Hamden
New Haven County,North Haven
New Haven County,Meriden
New Haven County,Wallingford
New Haven County,East Haven
New Haven County,Branford
New Haven County,North Branford
New Haven County,Guilford
New Haven County,Madison
New Haven County,Beacon Falls
New Haven County,Cheshire
New Haven County,Middlebury
New Haven County,Naugatuck
New Haven County,Oxford
New Haven County,Prospect
New Haven County,Southbury
New Haven County,Waterbury
New Haven County,Wolcott
New London County,Lyme
New London County,Old Lyme
New London County,New London
New London County,Waterford
New London County,Montville
New London County,Norwich
New London County,Preston
New London County,Ledyard
New London County,Groton
New London County,Stonington
New London County,North Stonington
New London County,Voluntown
New London County,Griswold
New London County,Lisbon
New London County,Sprague
New London County,Franklin
New London County,Bozrah
New London County,Colchester
New London County,Salem
New London County,East Lyme
New London County,Lebanon
Tolland County,Hebron
Tolland County,Andover
Tolland County,Bolton
Tolland County,Vernon
Tolland County,Tolland
Tolland County,Ellington
Tolland County,Somers
Tolland County,Willington
Tolland County,Coventry
Tolland County,Columbia
Tolland County,Mansfield
Tolland County,Stafford
Tolland County,Union
Windham County,Windham
Windham County,Chaplin
Windham County,Hampton
Windham County,Scotland
Windham County,Ashford
Windham County,Thompson
Windham County,Woodstock
Windham County,Eastford
Windham County,Pomfret
Windham County,Putnam
Windham County,Killingly
Windham County,Brooklyn
Windham County,Canterbury
Windham County,Plainfield
Windham County,Sterling
